Carte;Capteur/Vannes/Etat;Valeur;Nom;Dépendance vannes ;Timer dépendance
CACMO;EC-CACMO;;;;
;;;;;
;;;;;
;;;;;
;;;;;
;;;;;
;;;;;
;;;;;
;;;;;
CACMO;MEP-TP01;;;;
CACMO;MEP-PR01;;;;
CACMO;MEP-PR02;;;;
CACMO;MEP-PR03;;;;
CACMO;MEP-PR04;;;;
;;;;;
;;;;;
;;;;;
;;;;;
;;;;;
;;;;;
;;;;;
;;;;;
CACMO;VCE;;;;
CACMO;VBCE;;;;
CACMO;VCO;;;;
CACMO;VBCO;;;;
;;;;;
;;;;;
;;;;;
;;;;;
;;;;;
;;;;;
;;;;;
;;;;;
CACOE;EC-CACOE;;;;
;;;;;
;;;;;
;;;;;
;;;;;
;;;;;
;;;;;
;;;;;
;;;;;
CACOE;MEP-TP02;;;;
CACOE;MEP-TP03;;;;
CACOE;MEP-PR05;;;;
CACOE;MEP-PR06;;;;
CACOE;MEP-PR07;;;;
;;;;;
;;;;;
;;;;;
;;;;;
;;;;;
;;;;;
;;;;;
;;;;;
CACOE;VPrO;;;;
CACOE;VMAO;;;;
;;;;;
;;;;;
;;;;;
;;;;;
;;;;;
;;;;;
;;;;;
;;;;;
CACEHP;EC-CACEHP;;;;
;;;;;
;;;;;
;;;;;
;;;;;
;;;;;
;;;;;
;;;;;
;;;;;
CACEHP;MEP-TP04;;;;
CACEHP;MEP-TP05;;;;
CACEHP;MEP-PR08;;;;
CACEHP;MEP-PR09;;;;
CACEHP;MEP-PR010;;;;
;;;;;
;;;;;
;;;;;
;;;;;
;;;;;
;;;;;
;;;;;
;;;;;
CACEHP;VMAPr;;;;
CACEHP;VMAE;;;;
CACEHP;VPrG;;;;
CACEHP;VPrE;;;;
;;;;;
;;;;;
;;;;;
;;;;;
;;;;;
;;;;;
;;;;;
;;;;;
OBCCN4;EG;;;;
;;;;;
;;;;;
;;;;;
;;;;;
;;;;;
;;;;;
;;;;;
;;;;;
OBCMN;EG;;;;
